{
  "x": -10843285.65612714,
  "y": 6687854.902433261
}